{
  "groups": [
    "Linkurious",
    "Auth",
    "Frontend",
    "Applications",
    "Graph",
    "Nodes",
    "Edges",
    "Schema",
    "Visualizations",
    "Search",
    "Alerts",
    "DataSources",
    "Users"
  ],
  "apis": {
    "Linkurious": [
      "Status",
      "Version",
      "DataSourcesStatus",
      "GetConfiguration",
      "UpdateConfiguration",
      "SaveEvent",
      "CreateReport",
      "CustomFiles",
      "RestartLinkurious"
    ],
    "Auth": [
      "Login",
      "LoginRedirect",
      "Logout",
      "IsAuthenticated",
      "GetCurrentUser",
      "UpdateCurrentUser",
      "LoginSSO"
    ],
    "Frontend": [
      "OpenSandbox",
      "OpenVisualization",
      "OpenGuestSandbox",
      "OpenGuestVisualization",
      "OpenWidget"
    ],
    "Applications": [
      "GetApplications",
      "CreateApplication",
      "UpdateApplication"
    ],
    "Graph": [
      "GetGraphQuery",
      "GetAllGraphQueries",
      "CreateGraphQuery",
      "UpdateGraphQuery",
      "DeleteGraphQuery",
      "RunGraphQueryByContent",
      "RunGraphQueryById",
      "CheckGraphQuery",
      "AlertPreview"
    ],
    "Nodes": [
      "GetNode",
      "PostNode",
      "PatchNode",
      "DeleteNode",
      "GetNodesCount",
      "GetNeighborsStatistics",
      "GetAdjacentGraph"
    ],
    "Edges": [
      "GetEdge",
      "PostEdge",
      "PatchEdge",
      "DeleteEdge",
      "GetEdgesCount"
    ],
    "Schema": [
      "GetSchemaNodeTypes",
      "GetSchemaNodeProperties",
      "GetSchemaEdgeTypes",
      "GetSchemaEdgeProperties",
      "GetSimpleSchema"
    ],
    "Visualizations": [
      "GetVisualization",
      "CreateVisualization",
      "UpdateVisualization",
      "DeleteVisualization",
      "GetVisualizationCount",
      "DuplicateVisualization",
      "getVisualizationTree",
      "createVisualizationFolder",
      "updateVisualizationFolder",
      "deleteVisualizationFolder",
      "visualizationShares",
      "setVisualizationShare",
      "deleteVisualizationShare",
      "sharedVisualizations",
      "getSandbox",
      "updateSandbox",
      "getWidgetByKey",
      "createVisualizationWidget",
      "updateVisualizationWidget",
      "deleteVisualizationWidget"
    ],
    "Search": [
      "SearchReIndex",
      "SearchStatus",
      "SearchSubGraph",
      "SearchNodesOrEdges"
    ],
    "Alerts": [
      "GetAlert",
      "GetAlerts",
      "CreateAlert",
      "UpdateAlert",
      "DeleteAlert",
      "GetAlertForUsers",
      "GetAlertsForUsers",
      "GetMatch",
      "GetMatches",
      "GetMatchActions",
      "DoMatchAction"
    ],
    "DataSources": [
      "ReconnectSource",
      "ResetSourceStyles",
      "SetDefaultSourceStyles",
      "getHiddenNodeProperties",
      "getHiddenEdgeProperties",
      "getNoIndexNodeProperties",
      "getNoIndexEdgeProperties",
      "setHiddenNodeProperties",
      "setHiddenEdgeProperties",
      "setNoIndexNodeProperties",
      "setNoIndexEdgeProperties",
      "getAllSourceInfo",
      "createSourceConfig",
      "deleteSourceConfig",
      "deleteSourceData"
    ],
    "Users": [
      "GetUser",
      "GetUsers",
      "CreateUser",
      "UpdateUser",
      "DeleteUser",
      "GetGroup",
      "GetGroups",
      "GetGroupNames",
      "CreateGroup",
      "RenameGroup",
      "DeleteGroup",
      "GetAccessRightsInfo",
      "PutAccessRights",
      "DeleteAccessRight"
    ]
  }
}
