{
 "dataSources": [
  {
   "readOnly": false,
   "graphdb": {
    "vendor": "neo4j",
    "url": "http://127.0.0.1:7474",
    "user": null,
    "password": null
   },
   "index": {
    "vendor": "elasticSearch",
    "host": "127.0.0.1",
    "port": 9201,
    "forceReindex": false,
    "dynamicMapping": false,
    "skipEdgeIndexation": false
   }
  }
 ],
 "advanced": {
  "supernodeThreshold": 10000,
  "connectionRetries": 10,
  "pollInterval": 10,
  "indexationChunkSize": 5000,
  "expandThreshold": 50,
  "rawQueryLimit": 500,
  "searchAddAllThreshold": 500,
  "minSearchQueryLength": 1,
  "rawQueryTimeout": 60000,
  "defaultFuzziness": 0.1,
  "layoutWorkers": 2,
  "edgesBetweenSupernodes": false
 },
 "db": {
  "name": "linkurious",
  "username": null,
  "password": null,
  "options": {
   "dialect": "sqlite",
   "storage": "server/database.sqlite"
  }
 },
 "server": {
  "listenPort": 3000,
  "listenPortHttps": 3443,
  "clientFolder": "server/public",
  "cookieSecret": "zO6Yb7u5H907dfEcmjS8pXgWNEo3B9pNQF8mKjdzRR3I64o88GrGLWEjqNq1Yx5",
  "allowOrigin": null,
  "domain": null,
  "publicPortHttp": null,
  "publicPortHttps": null,
  "useHttps": false,
  "forceHttps": false,
  "forcePublicHttps": false,
  "certificateFile": null,
  "certificateKeyFile": null,
  "certificatePassphrase": null
 },
 "defaultPreferences": {
  "pinOnDrag": false,
  "locale": "en-US"
 },
 "guestPreferences": {
  "locale": "en-US",
  "uiWorkspaceSearch": false,
  "uiExport": false,
  "uiLayout": "regular",
  "uiDesign": false,
  "uiFilter": false
 },
 "alerts": {
  "enabled": true,
  "maxMatchTTL": 0,
  "maxMatchesLimit": 5000,
  "maxRuntimeLimit": 600000,
  "maxConcurrency": 1
 },
 "auditTrail": {
  "enabled": false,
  "logFolder": "audit-trail",
  "fileSizeLimit": 5242880,
  "strictMode": false,
  "mode": "rw"
 },
 "access": {
  "authRequired": false,
  "guestMode": false,
  "floatingLicenses": null,
  "defaultPage": "dashboard",
  "defaultPageParams": {},
  "dataEdition": true,
  "widget": true,
  "loginTimeout": null,
  "oauth2": {
   "enabled": false,
   "provider": "openidconnect",
   "authorizationURL": "https://accounts.google.com/o/oauth2/v2/auth?hd=MY-CUSTOM-DOMAIN.com",
   "tokenURL": "https://www.googleapis.com/oauth2/v4/token",
   "clientID": "MY-CLIENT-ID.apps.googleusercontent.com",
   "clientSecret": "MY-CLIENT-SECRET"
  },
  "externalUsersAllowedGroups": null,
  "externalUsersGroupMapping": {}
 },
 "leaflet": [
  {
   "name": "Wikimedia",
   "thumbnail": "/assets/img/Wikimedia.png",
   "urlTemplate": "https://maps.wikimedia.org/osm-intl/{z}/{x}/{y}.png",
   "attribution": "<a href=\"https://wikimediafoundation.org/wiki/Maps_Terms_of_Use\">Wikimedia</a>",
   "subdomains": null,
   "id": null,
   "accessToken": null,
   "minZoom": 2,
   "maxZoom": 19
  },
  {
   "name": "Stamen Toner Lite",
   "thumbnail": "/assets/img/Stamen_TonerLite.png",
   "urlTemplate": "http://{s}.tile.stamen.com/toner-lite/{z}/{x}/{y}.png",
   "attribution": "Map tiles by <a href=\"http://stamen.com\">Stamen Design</a>, <a href=\"http://creativecommons.org/licenses/by/3.0\">CC BY 3.0</a> &mdash; Map data &copy; <a href=\"http://www.openstreetmap.org/copyright\">OpenStreetMap</a>",
   "subdomains": null,
   "id": null,
   "accessToken": null,
   "minZoom": 2,
   "maxZoom": 20
  },
  {
   "name": "Esri World Gray Canvas",
   "thumbnail": "/assets/img/Esri_WorldGrayCanvas.png",
   "urlTemplate": "http://server.arcgisonline.com/ArcGIS/rest/services/Canvas/World_Light_Gray_Base/MapServer/tile/{z}/{y}/{x}",
   "attribution": "Tiles &copy; Esri &mdash; Esri, DeLorme, NAVTEQ",
   "subdomains": null,
   "id": null,
   "accessToken": null,
   "minZoom": 2,
   "maxZoom": 16
  },
  {
   "name": "CartoDB Positron",
   "thumbnail": "/assets/img/CartoDB_Positron.png",
   "urlTemplate": "http://{s}.basemaps.cartocdn.com/light_all/{z}/{x}/{y}.png",
   "attribution": "&copy; <a href=\"http://www.openstreetmap.org/copyright\">OpenStreetMap</a> &copy; <a href=\"http://cartodb.com/attributions\">CartoDB</a>",
   "subdomains": "abcd",
   "id": null,
   "accessToken": null,
   "minZoom": 2,
   "maxZoom": 19
  },
  {
   "name": "MapBox Light",
   "thumbnail": "/assets/img/MapBox_Light.png",
   "urlTemplate": "https://api.tiles.mapbox.com/v4/{id}/{z}/{x}/{y}.png?access_token={accessToken}",
   "attribution": "Map data &copy; <a href=\"http://openstreetmap.org\">OpenStreetMap</a>, <a href=\"http://creativecommons.org/licenses/by-sa/2.0/\">CC-BY-SA</a>, Imagery &copy <a href=\"http://mapbox.com\">Mapbox</a>",
   "subdomains": null,
   "id": "mapbox.light",
   "accessToken": "pk.eyJ1Ijoic2hleW1hbm4iLCJhIjoiY2lqNGZmanhpMDAxaHc4bTNhZGFrcHZleiJ9.VliJNQs7QBK5e5ZmYl9RTw",
   "minZoom": 2,
   "maxZoom": 20
  },
  {
   "name": "MapBox Streets",
   "thumbnail": "/assets/img/MapBox_Streets.png",
   "urlTemplate": "https://api.tiles.mapbox.com/v4/{id}/{z}/{x}/{y}.png?access_token={accessToken}",
   "attribution": "Map data &copy; <a href=\"http://openstreetmap.org\">OpenStreetMap</a>, <a href=\"http://creativecommons.org/licenses/by-sa/2.0/\">CC-BY-SA</a>, Imagery &copy <a href=\"http://mapbox.com\">Mapbox</a>",
   "subdomains": null,
   "id": "mapbox.streets",
   "accessToken": "pk.eyJ1Ijoic2hleW1hbm4iLCJhIjoiY2lqNGZmanhpMDAxaHc4bTNhZGFrcHZleiJ9.VliJNQs7QBK5e5ZmYl9RTw",
   "minZoom": 2,
   "maxZoom": 20
  }
 ],
 "ogma": {
  "renderer": "webgl",
  "options": {
   "styles": {
    "node": {
     "nodeRadius": 5,
     "shape": "circle",
     "text": {
      "minVisibleSize": 12,
      "maxLineLength": 30,
      "backgroundColor": null,
      "font": "roboto",
      "color": "#000",
      "size": 14
     }
    },
    "edge": {
     "edgeWidth": 1,
     "shape": "arrow",
     "text": {
      "minVisibleSize": 3,
      "maxLineLength": 30,
      "backgroundColor": null,
      "font": "roboto",
      "color": "#000",
      "size": 14
     }
    }
   },
   "interactions": {
    "zoom": {
     "modifier": 1.382
    },
    "pan": {},
    "rotation": {
     "enabled": false
    }
   },
   "backgroundColor": "rgba(240, 240, 240, 0)"
  }
 },
 "version": "2.7.7"
}